Model,6-class,Binary
UCE,-0.01328869,0.023655793
TranscriptFormer,-0.02119808,0.01466839
Geneformer,-0.013045359,0.0035822876
scGPT,-0.055945154,0.036949184
